transaction_id,customer_id,merchant_id,transaction_timestamp,amount,currency,status,payment_method
1,11,34,24/04/2026 17:57,10622.83,USD,pending,mobile_wallet
2,21,40,30/04/2026 06:36,3031.79,USD,pending,card
3,99,28,20/04/2026 06:53,10301.43,USD,pending,mobile_wallet
4,83,1,02/05/2026 19:53,7197.59,USD,approved,bank_transfer
5,78,41,27/04/2026 16:59,17390.98,USD,declined,card
6,26,36,30/04/2026 23:34,6394.46,USD,declined,bank_transfer
7,89,16,27/04/2026 09:24,17864.7,USD,approved,card
8,84,21,25/04/2026 18:43,12996.15,USD,declined,bank_transfer
9,2,43,29/04/2026 05:13,6650.65,USD,declined,mobile_wallet
10,65,44,11/05/2026 08:01,18855.77,USD,approved,bank_transfer
11,68,9,23/04/2026 06:18,1386.75,USD,approved,bank_transfer
12,89,6,03/05/2026 06:18,8888.01,USD,approved,mobile_wallet
13,12,27,06/05/2026 05:12,16145.62,USD,declined,card
14,65,16,29/04/2026 15:22,10175.81,USD,approved,mobile_wallet
15,90,4,11/05/2026 04:00,2888.41,USD,pending,mobile_wallet
16,15,9,11/05/2026 23:13,19992.13,USD,approved,bank_transfer
17,74,40,30/04/2026 01:45,2290.25,USD,declined,mobile_wallet
18,95,44,13/04/2026 14:16,17830.68,USD,approved,mobile_wallet
19,1,30,17/04/2026 03:57,6505.12,USD,declined,bank_transfer
20,48,43,15/04/2026 23:58,10120.1,USD,approved,bank_transfer
21,76,47,26/04/2026 08:20,16780,USD,pending,bank_transfer
22,45,30,13/04/2026 20:37,16796.96,USD,pending,bank_transfer
23,72,32,03/05/2026 16:58,16312.24,USD,approved,card
24,54,30,16/04/2026 03:38,4152.44,USD,declined,card
25,78,14,01/05/2026 02:16,11690.74,USD,pending,card
26,78,17,23/04/2026 23:20,17709.94,USD,approved,card
27,20,42,24/04/2026 07:14,16689.48,USD,approved,card
28,80,9,30/04/2026 21:35,9017.13,USD,approved,bank_transfer
29,50,49,15/04/2026 18:37,3199.86,USD,pending,card
30,42,23,18/04/2026 03:08,3459.19,USD,declined,mobile_wallet
31,37,49,30/04/2026 18:48,13015.43,USD,approved,bank_transfer
32,27,50,14/04/2026 12:10,17566.6,USD,approved,mobile_wallet
33,9,50,18/04/2026 05:21,11754.98,USD,pending,card
34,49,9,05/05/2026 10:53,19767.73,USD,declined,bank_transfer
35,34,32,10/05/2026 03:06,7462.23,USD,declined,card
36,49,3,15/04/2026 23:16,19129.65,USD,pending,card
37,31,31,07/05/2026 11:59,9683.19,USD,declined,card
38,30,3,27/04/2026 19:31,15575.23,USD,approved,mobile_wallet
39,71,32,25/04/2026 19:43,3870.53,USD,declined,bank_transfer
40,70,25,19/04/2026 12:38,12766.57,USD,approved,mobile_wallet
41,64,46,26/04/2026 08:14,15239.61,USD,declined,mobile_wallet
42,29,9,24/04/2026 05:16,13330.87,USD,declined,mobile_wallet
43,94,34,08/05/2026 00:04,3660.42,USD,approved,mobile_wallet
44,83,7,01/05/2026 23:10,13100.62,USD,pending,bank_transfer
45,28,7,16/04/2026 20:41,16384.35,USD,pending,card
46,100,38,13/04/2026 09:05,14707.55,USD,declined,mobile_wallet
47,61,47,13/04/2026 09:25,12021.21,USD,approved,card
48,75,43,17/04/2026 06:53,1621.71,USD,pending,bank_transfer
49,49,47,22/04/2026 04:28,6094.25,USD,approved,card
50,89,36,14/04/2026 04:04,14853.54,USD,pending,bank_transfer
51,86,25,25/04/2026 17:56,14524.81,USD,declined,bank_transfer
52,18,13,30/04/2026 05:11,468.1,USD,pending,card
53,33,47,27/04/2026 08:43,1232.43,USD,declined,mobile_wallet
54,62,50,23/04/2026 17:14,18046.01,USD,approved,mobile_wallet
55,21,44,12/05/2026 03:48,4366.34,USD,pending,bank_transfer
56,94,21,12/05/2026 09:14,6425.13,USD,pending,card
57,24,15,03/05/2026 21:22,16980.69,USD,approved,bank_transfer
58,68,26,07/05/2026 21:01,14278.31,USD,declined,mobile_wallet
59,19,39,03/05/2026 09:49,11372.52,USD,pending,card
60,84,2,20/04/2026 11:53,1934.81,USD,declined,card
61,49,27,24/04/2026 04:17,10614.39,USD,declined,card
62,84,9,29/04/2026 00:07,17923.66,USD,declined,card
63,29,15,07/05/2026 02:06,4743.9,USD,pending,card
64,59,47,06/05/2026 20:32,15120.25,USD,approved,mobile_wallet
65,37,28,12/05/2026 07:54,1720.43,USD,pending,mobile_wallet
66,49,32,27/04/2026 08:12,14871.5,USD,approved,mobile_wallet
67,52,46,27/04/2026 14:54,798.08,USD,pending,bank_transfer
68,95,8,13/04/2026 09:37,17103.42,USD,declined,mobile_wallet
69,14,15,23/04/2026 02:28,7837.06,USD,approved,bank_transfer
70,96,22,04/05/2026 03:10,8341.91,USD,pending,bank_transfer
71,55,28,02/05/2026 08:19,1415.05,USD,declined,card
72,72,43,05/05/2026 04:41,14528.07,USD,declined,card
73,44,7,29/04/2026 09:58,15058.15,USD,pending,mobile_wallet
74,32,13,18/04/2026 16:36,3610,USD,pending,card
75,62,45,16/04/2026 19:07,4544.02,USD,declined,bank_transfer
76,45,9,30/04/2026 21:42,4709.33,USD,approved,card
77,98,31,20/04/2026 19:07,15134.05,USD,declined,card
78,72,9,29/04/2026 03:11,4291.94,USD,pending,card
79,58,39,16/04/2026 07:53,2870.65,USD,pending,bank_transfer
80,76,47,02/05/2026 01:46,15117.26,USD,approved,bank_transfer
81,15,43,14/04/2026 05:56,18618.73,USD,declined,mobile_wallet
82,38,5,20/04/2026 15:00,18679.88,USD,declined,card
83,60,11,23/04/2026 15:10,5752.45,USD,approved,bank_transfer
84,73,12,20/04/2026 07:34,2918.06,USD,pending,card
85,55,2,19/04/2026 19:35,4258.42,USD,approved,bank_transfer
86,20,14,30/04/2026 08:20,5987.01,USD,declined,bank_transfer
87,100,15,12/05/2026 00:37,11586.28,USD,declined,mobile_wallet
88,49,17,09/05/2026 02:26,7590.75,USD,declined,mobile_wallet
89,79,28,11/05/2026 08:10,18252.24,USD,pending,mobile_wallet
90,18,8,23/04/2026 03:30,6396.58,USD,declined,mobile_wallet
91,93,30,22/04/2026 16:45,3771.94,USD,pending,bank_transfer
92,3,50,12/05/2026 07:01,17235.65,USD,approved,bank_transfer
93,67,49,22/04/2026 21:12,7082.96,USD,declined,mobile_wallet
94,32,48,21/04/2026 14:41,435.09,USD,pending,mobile_wallet
95,34,18,17/04/2026 14:52,14411.06,USD,declined,card
96,67,15,22/04/2026 15:01,9330.97,USD,pending,bank_transfer
97,69,43,05/05/2026 20:54,8240.73,USD,approved,mobile_wallet
98,82,13,23/04/2026 08:23,11336.61,USD,approved,bank_transfer
99,53,7,01/05/2026 12:49,168.5,USD,declined,mobile_wallet
100,85,38,22/04/2026 16:20,16484.57,USD,declined,bank_transfer
101,76,49,05/05/2026 15:57,3255.11,USD,pending,bank_transfer
102,49,47,10/05/2026 10:17,1576.58,USD,approved,bank_transfer
103,28,34,03/05/2026 05:37,830.4,USD,pending,bank_transfer
104,60,43,20/04/2026 17:31,3843.67,USD,pending,bank_transfer
105,91,11,08/05/2026 21:30,17583.55,USD,approved,mobile_wallet
106,99,14,25/04/2026 23:15,16497.87,USD,declined,bank_transfer
107,45,1,13/05/2026 04:46,10813.89,USD,pending,mobile_wallet
108,73,18,23/04/2026 05:31,18077.09,USD,approved,card
109,15,9,14/04/2026 20:58,16311.49,USD,pending,bank_transfer
110,12,46,10/05/2026 11:04,19213.43,USD,approved,bank_transfer
111,55,33,01/05/2026 23:08,6111.39,USD,pending,bank_transfer
112,53,40,22/04/2026 11:57,4875.16,USD,approved,mobile_wallet
113,28,10,18/04/2026 19:54,19034.19,USD,declined,mobile_wallet
114,39,16,18/04/2026 01:18,8721.15,USD,declined,mobile_wallet
115,73,2,05/05/2026 18:17,11682.63,USD,approved,card
116,51,23,27/04/2026 18:36,13141.08,USD,approved,mobile_wallet
117,4,12,11/05/2026 22:43,3292.73,USD,declined,mobile_wallet
118,33,6,07/05/2026 06:24,12823.67,USD,declined,mobile_wallet
119,4,26,01/05/2026 17:56,11388.94,USD,approved,mobile_wallet
120,6,2,12/05/2026 16:38,1425.99,USD,approved,bank_transfer
121,74,29,28/04/2026 07:39,2606.31,USD,pending,mobile_wallet
122,18,5,15/04/2026 08:58,6168.18,USD,declined,card
123,31,11,11/05/2026 07:46,2913.17,USD,pending,card
124,28,24,30/04/2026 04:05,4571.65,USD,declined,bank_transfer
125,84,43,26/04/2026 07:44,2021.85,USD,approved,bank_transfer
126,39,39,23/04/2026 05:13,14261.07,USD,approved,card
127,41,48,19/04/2026 07:24,4370.87,USD,approved,mobile_wallet
128,58,40,17/04/2026 23:35,12161.36,USD,pending,mobile_wallet
129,12,3,23/04/2026 10:57,19610.06,USD,declined,card
130,23,16,04/05/2026 18:32,15884.96,USD,approved,card
131,60,42,21/04/2026 18:32,11829.66,USD,declined,card
132,64,12,28/04/2026 19:31,11783.95,USD,approved,mobile_wallet
133,96,46,16/04/2026 05:54,10567.56,USD,declined,mobile_wallet
134,72,44,08/05/2026 20:57,455.1,USD,declined,mobile_wallet
135,19,33,25/04/2026 14:25,15853.81,USD,declined,mobile_wallet
136,36,5,01/05/2026 13:43,11034.78,USD,approved,card
137,49,36,14/04/2026 16:31,16017.39,USD,approved,mobile_wallet
138,24,50,08/05/2026 21:10,19097.49,USD,approved,bank_transfer
139,50,16,10/05/2026 17:54,16388.41,USD,declined,mobile_wallet
140,10,4,07/05/2026 06:45,18407.48,USD,pending,card
141,87,8,14/04/2026 05:12,12583.22,USD,approved,mobile_wallet
142,90,41,23/04/2026 03:32,2525.31,USD,pending,card
143,11,15,26/04/2026 00:46,13832.27,USD,approved,mobile_wallet
144,64,4,17/04/2026 14:52,17585.18,USD,declined,bank_transfer
145,43,45,10/05/2026 10:32,3853.27,USD,approved,mobile_wallet
146,57,12,14/04/2026 05:57,14820.81,USD,pending,bank_transfer
147,21,36,09/05/2026 12:03,17976.84,USD,approved,card
148,20,38,18/04/2026 00:14,6217.57,USD,approved,bank_transfer
149,75,26,15/04/2026 14:49,7890.53,USD,approved,bank_transfer
150,29,24,30/04/2026 06:30,15566.21,USD,declined,bank_transfer
151,28,10,30/04/2026 17:26,9330.12,USD,declined,card
152,39,4,01/05/2026 04:01,9409.18,USD,approved,bank_transfer
153,46,50,12/05/2026 22:06,3080.05,USD,declined,bank_transfer
154,47,18,14/04/2026 12:30,3539.19,USD,declined,bank_transfer
155,53,16,16/04/2026 05:11,13745.54,USD,approved,bank_transfer
156,56,5,14/04/2026 19:17,6737.3,USD,declined,mobile_wallet
157,18,31,09/05/2026 20:28,10875.35,USD,pending,mobile_wallet
158,84,11,07/05/2026 13:09,4947.59,USD,declined,bank_transfer
159,47,18,19/04/2026 15:22,18841.98,USD,pending,mobile_wallet
160,76,8,11/05/2026 07:55,19049.09,USD,pending,bank_transfer
161,27,14,12/05/2026 21:34,7686.68,USD,pending,card
162,3,18,18/04/2026 02:45,3827.72,USD,pending,card
163,86,24,11/05/2026 02:37,18404.26,USD,declined,bank_transfer
164,74,42,10/05/2026 22:28,12333.15,USD,pending,card
165,72,12,10/05/2026 05:13,13438.79,USD,approved,mobile_wallet
166,55,45,22/04/2026 17:25,1766.39,USD,approved,bank_transfer
167,54,5,30/04/2026 17:29,2813.75,USD,declined,card
168,78,36,09/05/2026 20:34,6336.96,USD,declined,bank_transfer
169,30,41,18/04/2026 19:29,7624.48,USD,pending,card
170,100,21,20/04/2026 05:04,6229.52,USD,pending,bank_transfer
171,93,11,05/05/2026 05:14,18420.44,USD,approved,card
172,47,12,25/04/2026 04:39,460.12,USD,pending,card
173,30,24,30/04/2026 02:21,4268.74,USD,declined,mobile_wallet
174,71,39,24/04/2026 01:09,5607.4,USD,declined,bank_transfer
175,25,39,06/05/2026 07:23,19363.56,USD,pending,card
176,51,40,05/05/2026 20:32,7248.25,USD,approved,bank_transfer
177,56,35,27/04/2026 06:45,15375,USD,declined,mobile_wallet
178,57,1,11/05/2026 21:04,1851.59,USD,approved,bank_transfer
179,61,48,01/05/2026 15:06,13478.59,USD,approved,card
180,40,27,09/05/2026 01:04,4753.98,USD,declined,card
181,35,23,06/05/2026 18:01,4648.87,USD,approved,bank_transfer
182,7,47,20/04/2026 10:11,2964.78,USD,approved,mobile_wallet
183,86,15,02/05/2026 14:00,6358.81,USD,declined,card
184,44,48,09/05/2026 14:25,11438.24,USD,approved,card
185,30,38,28/04/2026 00:28,16399.72,USD,pending,bank_transfer
186,97,15,08/05/2026 00:49,11405.56,USD,approved,bank_transfer
187,98,28,24/04/2026 10:57,13785.52,USD,declined,bank_transfer
188,55,42,07/05/2026 17:01,15098.92,USD,pending,bank_transfer
189,25,14,22/04/2026 08:22,17840.07,USD,declined,mobile_wallet
190,33,37,22/04/2026 12:21,1320.65,USD,approved,bank_transfer
191,64,20,08/05/2026 10:00,12710.17,USD,pending,mobile_wallet
192,14,14,08/05/2026 04:43,4754.44,USD,approved,card
193,51,7,08/05/2026 11:44,11538.24,USD,pending,mobile_wallet
194,44,9,08/05/2026 07:06,1277.55,USD,declined,bank_transfer
195,74,29,07/05/2026 03:23,6366,USD,pending,mobile_wallet
196,34,21,28/04/2026 04:31,8591.16,USD,approved,bank_transfer
197,74,42,04/05/2026 07:35,668.99,USD,declined,card
198,15,31,17/04/2026 11:11,15724.07,USD,declined,card
199,42,23,13/05/2026 03:45,13460.3,USD,approved,card
200,70,18,12/05/2026 21:13,11290.78,USD,declined,mobile_wallet
201,56,9,27/04/2026 23:19,19803.82,USD,declined,card
202,97,42,30/04/2026 20:12,15866.84,USD,pending,card
203,62,8,19/04/2026 07:31,13155.21,USD,approved,bank_transfer
204,17,11,20/04/2026 18:51,2432.03,USD,declined,bank_transfer
205,53,22,01/05/2026 15:59,18899.09,USD,approved,bank_transfer
206,46,49,28/04/2026 15:10,5530.4,USD,declined,bank_transfer
207,55,1,09/05/2026 03:52,7315.39,USD,approved,bank_transfer
208,20,32,14/04/2026 18:02,9089.93,USD,pending,mobile_wallet
209,63,21,22/04/2026 09:51,4350.35,USD,approved,card
210,77,49,06/05/2026 13:21,14969.14,USD,approved,card
211,81,43,30/04/2026 20:51,14131.21,USD,pending,bank_transfer
212,28,33,03/05/2026 12:47,12109.43,USD,approved,mobile_wallet
213,23,19,04/05/2026 16:37,1803.26,USD,declined,bank_transfer
214,49,49,13/04/2026 14:47,18723.49,USD,declined,bank_transfer
215,92,29,10/05/2026 13:39,1596.73,USD,pending,mobile_wallet
216,73,35,14/04/2026 03:12,7526.78,USD,declined,mobile_wallet
217,22,44,09/05/2026 20:35,6429.45,USD,approved,card
218,50,5,17/04/2026 11:44,4101.82,USD,pending,bank_transfer
219,48,7,06/05/2026 17:53,18013.8,USD,approved,bank_transfer
220,10,23,27/04/2026 00:57,16679.92,USD,declined,bank_transfer
221,18,25,03/05/2026 22:35,13060.69,USD,approved,bank_transfer
222,79,11,04/05/2026 03:45,3138.8,USD,approved,card
223,95,49,24/04/2026 03:45,5188.81,USD,pending,card
224,67,9,15/04/2026 09:57,2665.01,USD,approved,card
225,39,14,05/05/2026 19:44,13537.16,USD,approved,mobile_wallet
226,1,15,24/04/2026 16:50,7088.51,USD,pending,card
227,59,38,09/05/2026 07:31,14120.81,USD,approved,bank_transfer
228,23,22,08/05/2026 04:27,289.31,USD,declined,bank_transfer
229,11,18,12/05/2026 16:00,18941.01,USD,declined,bank_transfer
230,41,36,15/04/2026 07:42,880.06,USD,declined,mobile_wallet
231,76,2,09/05/2026 23:59,15222.36,USD,approved,mobile_wallet
232,76,45,09/05/2026 12:15,15363.95,USD,pending,card
233,76,39,13/05/2026 00:19,19609.8,USD,approved,bank_transfer
234,4,23,11/05/2026 18:56,14295.95,USD,approved,mobile_wallet
235,87,25,23/04/2026 17:25,12271.84,USD,pending,bank_transfer
236,18,16,28/04/2026 08:10,8501.69,USD,approved,card
237,78,41,28/04/2026 23:35,15195.45,USD,approved,bank_transfer
238,74,6,17/04/2026 00:10,19316.1,USD,pending,bank_transfer
239,95,41,24/04/2026 11:57,4098.92,USD,approved,bank_transfer
240,67,45,25/04/2026 05:27,11335.2,USD,pending,mobile_wallet
241,5,38,19/04/2026 01:59,16529.17,USD,pending,card
242,1,41,20/04/2026 10:23,16268.94,USD,declined,card
243,21,38,23/04/2026 20:26,15280.76,USD,declined,card
244,72,9,06/05/2026 14:20,2567.6,USD,approved,card
245,51,18,11/05/2026 11:57,10693.51,USD,pending,mobile_wallet
246,36,29,10/05/2026 13:56,3061.61,USD,declined,bank_transfer
247,94,14,14/04/2026 20:18,10018.92,USD,approved,card
248,11,2,22/04/2026 01:27,6474.51,USD,approved,mobile_wallet
249,71,25,18/04/2026 16:06,11641.14,USD,pending,card
250,71,47,17/04/2026 07:00,15670.71,USD,approved,mobile_wallet
251,42,45,07/05/2026 18:38,3559.15,USD,pending,mobile_wallet
252,50,33,29/04/2026 23:08,7469.19,USD,approved,bank_transfer
253,60,40,04/05/2026 06:02,4670.53,USD,declined,card
254,90,19,29/04/2026 11:28,5461.04,USD,approved,bank_transfer
255,95,22,19/04/2026 09:28,19174.83,USD,approved,bank_transfer
256,18,20,09/05/2026 10:51,5833.41,USD,pending,card
257,65,2,11/05/2026 03:52,3343.17,USD,pending,bank_transfer
258,57,30,09/05/2026 20:03,557.22,USD,approved,card
259,76,18,16/04/2026 17:10,1534.99,USD,declined,card
260,32,44,11/05/2026 03:14,18452.91,USD,declined,mobile_wallet
261,21,31,12/05/2026 03:18,3646.73,USD,declined,bank_transfer
262,61,4,30/04/2026 23:47,8104.75,USD,approved,mobile_wallet
263,30,27,07/05/2026 09:57,10156.94,USD,pending,card
264,71,34,13/05/2026 04:10,18581.34,USD,pending,mobile_wallet
265,11,37,01/05/2026 05:01,9768.3,USD,pending,bank_transfer
266,23,35,01/05/2026 13:30,12838.93,USD,approved,bank_transfer
267,46,29,04/05/2026 07:14,17580.39,USD,approved,mobile_wallet
268,57,19,16/04/2026 05:51,15443.23,USD,approved,bank_transfer
269,93,10,08/05/2026 03:14,19264.81,USD,declined,bank_transfer
270,78,4,24/04/2026 21:58,3569.45,USD,approved,card
271,18,22,22/04/2026 17:04,18338.03,USD,pending,mobile_wallet
272,41,44,14/04/2026 21:41,7876.46,USD,pending,card
273,48,16,07/05/2026 23:35,10703.11,USD,declined,bank_transfer
274,66,28,28/04/2026 02:56,16570.22,USD,approved,bank_transfer
275,32,5,29/04/2026 13:33,19619.97,USD,pending,mobile_wallet
276,48,37,15/04/2026 08:48,14873.58,USD,approved,bank_transfer
277,29,39,14/04/2026 16:41,1774.29,USD,pending,mobile_wallet
278,24,9,17/04/2026 02:38,8625.53,USD,pending,bank_transfer
279,74,46,07/05/2026 05:47,9013.31,USD,pending,bank_transfer
280,6,44,29/04/2026 20:36,12301.48,USD,pending,card
281,100,35,21/04/2026 17:51,8332.11,USD,approved,mobile_wallet
282,21,7,17/04/2026 16:31,5116.52,USD,declined,bank_transfer
283,17,33,04/05/2026 09:03,10778.04,USD,approved,card
284,6,4,22/04/2026 12:58,6259.91,USD,approved,bank_transfer
285,19,45,30/04/2026 12:58,9348.99,USD,approved,card
286,20,38,19/04/2026 04:02,9016.64,USD,approved,card
287,59,13,15/04/2026 17:18,14310.14,USD,pending,mobile_wallet
288,62,13,15/04/2026 18:01,11889.27,USD,approved,card
289,8,20,18/04/2026 08:01,17480.69,USD,pending,mobile_wallet
290,77,29,12/05/2026 23:31,13310.02,USD,pending,bank_transfer
291,90,36,24/04/2026 19:23,18197.94,USD,approved,mobile_wallet
292,6,8,15/04/2026 02:25,11824.98,USD,declined,card
293,82,7,02/05/2026 20:20,14924.18,USD,declined,mobile_wallet
294,5,50,26/04/2026 11:55,19969.75,USD,pending,bank_transfer
295,73,28,05/05/2026 02:30,11763.74,USD,declined,mobile_wallet
296,100,41,16/04/2026 13:34,2559.81,USD,declined,card
297,24,8,17/04/2026 10:00,10056.37,USD,declined,mobile_wallet
298,3,1,25/04/2026 05:30,12456.02,USD,pending,bank_transfer
299,76,16,18/04/2026 09:41,13423.03,USD,pending,card
300,85,21,18/04/2026 01:22,969.21,USD,approved,mobile_wallet
301,92,2,19/04/2026 05:08,19277.52,USD,approved,mobile_wallet
302,97,50,16/04/2026 00:15,3954.45,USD,pending,card
303,53,1,26/04/2026 00:47,7873.57,USD,pending,card
304,23,24,15/04/2026 10:11,17265.11,USD,pending,card
305,60,34,10/05/2026 23:51,1682.98,USD,declined,bank_transfer
306,47,34,03/05/2026 23:38,11125.64,USD,pending,bank_transfer
307,37,36,25/04/2026 22:09,11444.29,USD,declined,card
308,17,20,18/04/2026 14:08,15781.03,USD,declined,bank_transfer
309,70,12,02/05/2026 16:58,17904.91,USD,approved,card
310,43,25,18/04/2026 23:26,3485.04,USD,pending,card
311,67,18,17/04/2026 02:10,4184.33,USD,pending,card
312,44,9,24/04/2026 10:17,14949.13,USD,declined,mobile_wallet
313,46,27,16/04/2026 06:11,11083.5,USD,pending,bank_transfer
314,16,7,25/04/2026 04:27,18158.48,USD,declined,mobile_wallet
315,69,14,04/05/2026 08:38,11808.74,USD,pending,bank_transfer
316,23,7,21/04/2026 15:34,12034.88,USD,declined,card
317,2,17,04/05/2026 11:04,12903.19,USD,declined,card
318,60,32,22/04/2026 01:15,18397.05,USD,pending,mobile_wallet
319,19,50,29/04/2026 17:47,16682.93,USD,pending,bank_transfer
320,63,49,21/04/2026 09:37,8827.85,USD,declined,bank_transfer
321,77,14,25/04/2026 13:56,1062.34,USD,pending,card
322,3,29,20/04/2026 14:39,3528.53,USD,approved,bank_transfer
323,41,39,03/05/2026 11:29,18426.18,USD,pending,bank_transfer
324,66,46,12/05/2026 23:12,10815.34,USD,pending,bank_transfer
325,68,12,28/04/2026 22:32,3472.4,USD,declined,mobile_wallet
326,28,15,14/04/2026 18:21,3337.54,USD,pending,bank_transfer
327,63,19,25/04/2026 04:21,13630.38,USD,declined,mobile_wallet
328,97,18,02/05/2026 03:15,9465.54,USD,pending,card
329,94,9,10/05/2026 19:43,10974.86,USD,declined,mobile_wallet
330,10,22,26/04/2026 02:25,8209.96,USD,approved,mobile_wallet
331,29,7,21/04/2026 17:19,6506.53,USD,declined,card
332,97,37,14/04/2026 21:32,8615.79,USD,approved,bank_transfer
333,24,23,08/05/2026 12:57,639.92,USD,pending,bank_transfer
334,65,28,19/04/2026 06:18,6067.33,USD,approved,bank_transfer
335,88,21,10/05/2026 11:03,9224.29,USD,approved,mobile_wallet
336,61,41,27/04/2026 03:03,3291.9,USD,pending,card
337,19,10,14/04/2026 04:13,13322.95,USD,approved,card
338,7,10,14/04/2026 15:27,2477.09,USD,approved,mobile_wallet
339,38,25,08/05/2026 05:20,11054.27,USD,declined,mobile_wallet
340,54,49,29/04/2026 16:22,9410.45,USD,approved,mobile_wallet
341,6,12,14/04/2026 02:42,1592.17,USD,declined,bank_transfer
342,69,24,13/04/2026 05:01,13605.27,USD,declined,bank_transfer
343,58,42,11/05/2026 18:59,5511.23,USD,pending,card
344,68,3,01/05/2026 01:12,15542.22,USD,approved,bank_transfer
345,53,14,15/04/2026 13:12,9762.68,USD,approved,card
346,96,23,28/04/2026 01:27,12749.1,USD,pending,mobile_wallet
347,16,41,07/05/2026 19:34,5689.75,USD,pending,bank_transfer
348,59,6,28/04/2026 10:17,1859.12,USD,approved,bank_transfer
349,54,9,09/05/2026 21:11,12969.35,USD,declined,mobile_wallet
350,41,25,12/05/2026 23:51,19105.8,USD,approved,card
351,75,36,09/05/2026 01:26,17515.34,USD,pending,card
352,11,20,11/05/2026 15:05,5689.53,USD,declined,bank_transfer
353,4,23,03/05/2026 10:43,16872.66,USD,pending,mobile_wallet
354,26,46,26/04/2026 03:01,13815.59,USD,approved,mobile_wallet
355,70,29,18/04/2026 07:04,15041.52,USD,pending,mobile_wallet
356,47,39,10/05/2026 11:49,16794.91,USD,pending,bank_transfer
357,58,14,14/04/2026 18:20,10458.7,USD,approved,mobile_wallet
358,56,17,22/04/2026 17:22,14035.81,USD,pending,mobile_wallet
359,99,8,08/05/2026 07:54,19931.01,USD,declined,card
360,58,12,10/05/2026 05:46,9251.79,USD,declined,bank_transfer
361,41,9,13/05/2026 01:01,10991.72,USD,pending,card
362,84,17,01/05/2026 21:31,7197.13,USD,pending,bank_transfer
363,86,21,15/04/2026 12:50,8410.75,USD,pending,mobile_wallet
364,87,15,24/04/2026 06:58,1248.69,USD,pending,bank_transfer
365,21,10,18/04/2026 13:46,11504.86,USD,approved,bank_transfer
366,24,22,01/05/2026 22:47,15776.18,USD,pending,bank_transfer
367,83,28,25/04/2026 08:57,16539.34,USD,approved,bank_transfer
368,80,3,08/05/2026 03:04,2142.9,USD,approved,card
369,11,6,30/04/2026 03:40,2153.35,USD,declined,mobile_wallet
370,61,6,08/05/2026 13:40,17702.36,USD,declined,mobile_wallet
371,21,47,02/05/2026 06:52,3109.26,USD,approved,card
372,42,40,25/04/2026 13:21,11060.36,USD,pending,bank_transfer
373,82,46,23/04/2026 13:41,6069.52,USD,declined,mobile_wallet
374,6,50,18/04/2026 21:19,1982.1,USD,pending,bank_transfer
375,72,39,21/04/2026 18:44,11456.97,USD,declined,mobile_wallet
376,61,11,30/04/2026 23:00,11879.48,USD,pending,mobile_wallet
377,81,40,25/04/2026 18:38,2081.07,USD,pending,mobile_wallet
378,67,4,20/04/2026 03:34,13789.28,USD,approved,bank_transfer
379,64,24,05/05/2026 05:37,3586.54,USD,declined,card
380,97,13,12/05/2026 06:24,16279.65,USD,declined,mobile_wallet
381,26,50,19/04/2026 16:35,10274.56,USD,approved,card
382,30,47,07/05/2026 20:05,8511.11,USD,approved,card
383,11,3,21/04/2026 22:17,18980.87,USD,pending,bank_transfer
384,73,10,12/05/2026 23:03,14880.07,USD,declined,mobile_wallet
385,30,6,04/05/2026 11:15,19013.55,USD,pending,card
386,70,1,11/05/2026 08:42,2702.17,USD,declined,mobile_wallet
387,78,26,19/04/2026 12:38,1312.74,USD,approved,card
388,73,6,28/04/2026 09:44,16222.59,USD,declined,card
389,3,8,01/05/2026 16:45,6898.1,USD,pending,card
390,48,38,22/04/2026 20:48,1396.76,USD,pending,bank_transfer
391,21,48,14/04/2026 03:30,19131.65,USD,declined,mobile_wallet
392,24,49,13/04/2026 10:37,7355.44,USD,pending,card
393,98,44,14/04/2026 13:55,19322.21,USD,approved,mobile_wallet
394,50,34,16/04/2026 01:44,559.37,USD,declined,mobile_wallet
395,18,20,24/04/2026 14:28,607.69,USD,approved,mobile_wallet
396,50,38,15/04/2026 20:46,4429.62,USD,approved,bank_transfer
397,40,9,23/04/2026 09:01,12727.18,USD,pending,mobile_wallet
398,63,22,09/05/2026 16:36,18970,USD,declined,card
399,49,25,08/05/2026 09:49,10709.81,USD,pending,card
400,71,11,25/04/2026 18:13,18884.46,USD,pending,bank_transfer
401,73,41,16/04/2026 17:53,1575.76,USD,approved,bank_transfer
402,64,2,19/04/2026 15:19,18960.33,USD,pending,bank_transfer
403,38,16,21/04/2026 22:21,18886.2,USD,pending,card
404,89,45,10/05/2026 16:11,5278.03,USD,approved,card
405,10,35,14/04/2026 16:56,18255.92,USD,pending,card
406,32,15,23/04/2026 19:47,17422.98,USD,approved,card
407,79,13,20/04/2026 21:40,3220.85,USD,approved,card
408,12,8,22/04/2026 07:27,19372.8,USD,pending,bank_transfer
409,99,38,22/04/2026 15:06,9901.52,USD,declined,mobile_wallet
410,23,39,22/04/2026 11:45,1673.95,USD,declined,mobile_wallet
411,24,34,06/05/2026 23:24,3466.8,USD,approved,card
412,95,45,03/05/2026 12:51,7235.91,USD,approved,card
413,60,13,14/04/2026 03:24,940.34,USD,approved,bank_transfer
414,29,37,27/04/2026 03:07,15461.19,USD,pending,card
415,2,50,24/04/2026 08:11,12179.61,USD,approved,mobile_wallet
416,32,42,19/04/2026 23:02,18233.36,USD,approved,card
417,89,40,01/05/2026 03:37,11438.23,USD,pending,card
418,54,37,03/05/2026 05:03,3830.12,USD,declined,bank_transfer
419,79,32,05/05/2026 21:51,9343.09,USD,pending,card
420,18,34,03/05/2026 03:46,19596.99,USD,pending,card
421,69,45,26/04/2026 14:06,1259.68,USD,declined,mobile_wallet
422,63,9,30/04/2026 01:26,2878.9,USD,declined,card
423,71,30,27/04/2026 12:40,9524.61,USD,approved,bank_transfer
424,57,7,12/05/2026 14:11,12373.16,USD,declined,bank_transfer
425,32,23,08/05/2026 01:48,17001.72,USD,approved,bank_transfer
426,85,21,23/04/2026 05:47,18846.06,USD,approved,card
427,29,37,03/05/2026 10:22,7544.79,USD,pending,mobile_wallet
428,33,48,04/05/2026 05:16,14854.33,USD,pending,bank_transfer
429,71,42,20/04/2026 18:53,5405.18,USD,declined,card
430,18,29,23/04/2026 23:14,3989.28,USD,approved,bank_transfer
431,84,7,04/05/2026 00:29,16718.44,USD,approved,card
432,79,12,07/05/2026 12:55,19090.26,USD,approved,card
433,60,2,20/04/2026 18:49,7285.17,USD,approved,card
434,30,50,04/05/2026 16:18,16852.58,USD,approved,bank_transfer
435,89,49,01/05/2026 23:25,3129.67,USD,declined,card
436,46,27,22/04/2026 22:17,4814.83,USD,declined,bank_transfer
437,33,25,02/05/2026 07:51,6121.78,USD,declined,mobile_wallet
438,68,45,17/04/2026 20:32,3355.38,USD,declined,mobile_wallet
439,15,43,18/04/2026 11:08,1095.13,USD,declined,mobile_wallet
440,53,22,17/04/2026 15:56,9836.24,USD,pending,mobile_wallet
441,20,48,15/04/2026 23:46,8189.67,USD,pending,bank_transfer
442,3,43,14/04/2026 02:43,15534.59,USD,pending,card
443,66,32,25/04/2026 16:54,1065.72,USD,pending,card
444,41,34,29/04/2026 11:22,7171.42,USD,approved,bank_transfer
445,61,45,17/04/2026 16:26,15141.86,USD,approved,card
446,13,29,17/04/2026 06:40,1823.91,USD,approved,card
447,24,19,07/05/2026 09:53,14478.02,USD,pending,bank_transfer
448,32,5,09/05/2026 02:58,18510.86,USD,approved,mobile_wallet
449,25,36,25/04/2026 19:34,10134.36,USD,declined,card
450,93,26,16/04/2026 02:18,14174.2,USD,declined,mobile_wallet
451,22,37,24/04/2026 18:05,9303.63,USD,pending,card
452,19,9,22/04/2026 11:25,5537.7,USD,approved,card
453,68,5,14/04/2026 00:10,18605.2,USD,pending,mobile_wallet
454,67,31,01/05/2026 04:57,5625.72,USD,approved,card
455,66,48,21/04/2026 13:18,15315.58,USD,declined,mobile_wallet
456,38,4,16/04/2026 17:23,16544.64,USD,pending,card
457,84,2,22/04/2026 21:24,7516.77,USD,pending,mobile_wallet
458,94,23,28/04/2026 11:39,12149.94,USD,approved,card
459,51,19,25/04/2026 17:46,19252.13,USD,approved,card
460,10,28,06/05/2026 03:59,5483.21,USD,declined,card
461,77,50,19/04/2026 01:17,9627.96,USD,pending,bank_transfer
462,26,31,27/04/2026 08:46,788.31,USD,declined,bank_transfer
463,10,48,05/05/2026 14:54,18430.75,USD,pending,mobile_wallet
464,37,34,25/04/2026 08:42,8098.42,USD,declined,mobile_wallet
465,29,11,06/05/2026 04:45,8346.86,USD,pending,card
466,94,44,07/05/2026 08:55,1448.67,USD,pending,bank_transfer
467,2,31,11/05/2026 15:19,10535.43,USD,pending,card
468,68,1,13/04/2026 17:35,7767.41,USD,declined,mobile_wallet
469,85,2,26/04/2026 11:42,13967.77,USD,pending,card
470,96,3,05/05/2026 16:00,16180.17,USD,pending,card
471,58,28,29/04/2026 19:18,9651.25,USD,pending,mobile_wallet
472,73,41,04/05/2026 02:47,9383.03,USD,approved,mobile_wallet
473,59,39,19/04/2026 13:07,18014.61,USD,approved,card
474,65,6,20/04/2026 07:28,6743.69,USD,declined,mobile_wallet
475,6,28,24/04/2026 01:29,156.9,USD,approved,card
476,18,44,07/05/2026 08:36,15798.13,USD,declined,mobile_wallet
477,29,28,20/04/2026 15:33,18651.95,USD,approved,card
478,45,36,15/04/2026 12:10,7128.37,USD,declined,card
479,11,26,22/04/2026 18:34,17533.5,USD,declined,card
480,81,46,09/05/2026 18:55,17826.64,USD,declined,mobile_wallet
481,27,14,22/04/2026 21:06,8574.98,USD,pending,mobile_wallet
482,41,40,21/04/2026 09:49,9854.29,USD,approved,card
483,54,18,28/04/2026 16:54,6057.97,USD,pending,mobile_wallet
484,15,40,25/04/2026 15:21,8381.33,USD,approved,mobile_wallet
485,9,39,19/04/2026 05:00,9459.74,USD,pending,bank_transfer
486,55,6,07/05/2026 01:00,10195.31,USD,approved,mobile_wallet
487,10,25,17/04/2026 20:41,12842.13,USD,declined,mobile_wallet
488,14,18,06/05/2026 06:12,7929.6,USD,declined,card
489,82,44,12/05/2026 11:00,15849.56,USD,pending,bank_transfer
490,22,30,22/04/2026 12:43,18032.15,USD,pending,bank_transfer
491,78,1,18/04/2026 01:58,17373.28,USD,declined,mobile_wallet
492,82,1,18/04/2026 11:23,11815.92,USD,declined,mobile_wallet
493,82,4,29/04/2026 04:09,2874.75,USD,declined,bank_transfer
494,32,37,30/04/2026 13:07,17149.18,USD,approved,mobile_wallet
495,68,48,02/05/2026 02:01,2371.84,USD,approved,card
496,93,46,25/04/2026 06:56,10892.42,USD,declined,mobile_wallet
497,3,36,21/04/2026 23:00,2269.66,USD,approved,card
498,43,37,26/04/2026 19:57,11599.03,USD,pending,bank_transfer
499,3,40,27/04/2026 12:28,18282.21,USD,approved,bank_transfer
500,23,11,28/04/2026 23:54,1816.53,USD,approved,bank_transfer
501,51,21,03/05/2026 19:51,2689,USD,pending,bank_transfer
502,91,39,20/04/2026 17:54,15481.55,USD,declined,mobile_wallet
503,70,13,14/04/2026 16:50,3470.89,USD,pending,mobile_wallet
504,57,47,05/05/2026 05:26,4153.6,USD,declined,card
505,82,25,03/05/2026 15:19,3351.81,USD,approved,mobile_wallet
506,26,3,20/04/2026 21:26,1243.76,USD,declined,card
507,69,48,08/05/2026 09:11,4533.13,USD,approved,card
508,5,20,21/04/2026 22:01,10843.98,USD,declined,bank_transfer
509,59,9,09/05/2026 03:51,17148.79,USD,declined,mobile_wallet
510,94,44,03/05/2026 04:53,18225.46,USD,declined,card
511,97,15,09/05/2026 03:27,13469.12,USD,approved,card
512,31,26,17/04/2026 16:57,13942.52,USD,pending,bank_transfer
513,98,18,08/05/2026 19:58,12792,USD,declined,bank_transfer
514,10,39,09/05/2026 09:35,6321.85,USD,declined,bank_transfer
515,29,14,04/05/2026 21:17,660.96,USD,declined,mobile_wallet
516,69,29,18/04/2026 00:14,1333.56,USD,declined,bank_transfer
517,2,9,02/05/2026 11:07,4208.66,USD,pending,bank_transfer
518,12,7,09/05/2026 00:16,15281.06,USD,pending,mobile_wallet
519,21,19,29/04/2026 09:34,19904.2,USD,declined,mobile_wallet
520,54,37,12/05/2026 04:46,3739.56,USD,pending,bank_transfer
521,81,7,21/04/2026 10:06,7108.64,USD,pending,bank_transfer
522,48,50,10/05/2026 04:18,6788.88,USD,declined,card
523,60,3,16/04/2026 05:28,10483.16,USD,approved,card
524,69,49,20/04/2026 21:21,10603.49,USD,approved,bank_transfer
525,14,48,14/04/2026 08:44,18727.05,USD,pending,mobile_wallet
526,29,13,17/04/2026 22:26,12739.22,USD,declined,mobile_wallet
527,69,34,29/04/2026 20:13,12662.34,USD,approved,mobile_wallet
528,36,23,12/05/2026 08:36,19499.51,USD,approved,mobile_wallet
529,94,26,01/05/2026 00:22,16768.74,USD,pending,mobile_wallet
530,42,37,11/05/2026 19:20,1656.64,USD,declined,mobile_wallet
531,85,49,15/04/2026 09:53,10745.06,USD,pending,mobile_wallet
532,93,44,28/04/2026 23:04,4559.62,USD,approved,bank_transfer
533,82,14,22/04/2026 21:27,14456.85,USD,pending,bank_transfer
534,30,21,15/04/2026 22:56,16614.38,USD,pending,mobile_wallet
535,83,8,14/04/2026 20:16,9816.53,USD,approved,card
536,64,49,29/04/2026 09:15,13180.17,USD,approved,card
537,73,32,17/04/2026 14:50,7004.59,USD,declined,card
538,44,6,23/04/2026 06:43,15600.86,USD,declined,bank_transfer
539,71,35,12/05/2026 20:12,8182.03,USD,declined,card
540,45,28,05/05/2026 15:17,5534.33,USD,declined,bank_transfer
541,39,30,19/04/2026 10:44,7562.45,USD,pending,mobile_wallet
542,40,28,09/05/2026 20:31,2735.31,USD,declined,bank_transfer
543,66,44,12/05/2026 04:28,1032.34,USD,pending,mobile_wallet
544,60,32,12/05/2026 21:41,6504.53,USD,approved,bank_transfer
545,69,22,25/04/2026 00:07,4289.74,USD,approved,mobile_wallet
546,47,23,28/04/2026 20:04,3384.89,USD,pending,card
547,48,48,05/05/2026 15:46,8219.96,USD,declined,mobile_wallet
548,69,41,23/04/2026 13:59,13757.76,USD,declined,mobile_wallet
549,62,26,06/05/2026 14:28,18588.86,USD,declined,card
550,86,23,27/04/2026 19:24,9141.48,USD,declined,mobile_wallet
551,8,33,05/05/2026 05:52,10957.72,USD,declined,bank_transfer
552,30,14,20/04/2026 23:01,8237.6,USD,pending,mobile_wallet
553,17,40,06/05/2026 12:13,16547.94,USD,pending,mobile_wallet
554,87,28,02/05/2026 12:17,11430.14,USD,pending,bank_transfer
555,99,18,20/04/2026 14:25,4080.87,USD,approved,bank_transfer
556,21,34,13/05/2026 03:38,4643.53,USD,declined,card
557,82,34,17/04/2026 00:47,12599.31,USD,declined,mobile_wallet
558,53,50,06/05/2026 16:09,16246.91,USD,approved,card
559,28,14,05/05/2026 16:09,18260.89,USD,declined,card
560,44,35,02/05/2026 05:55,17784.93,USD,declined,mobile_wallet
561,12,24,17/04/2026 05:26,14649.27,USD,approved,bank_transfer
562,76,20,18/04/2026 23:58,19178.34,USD,declined,card
563,9,9,25/04/2026 04:34,3970.96,USD,approved,bank_transfer
564,94,4,13/05/2026 01:13,4047.04,USD,declined,mobile_wallet
565,15,32,02/05/2026 07:57,11314.07,USD,approved,card
566,22,9,19/04/2026 18:02,16263.16,USD,declined,bank_transfer
567,89,5,14/04/2026 17:05,7919.79,USD,pending,mobile_wallet
568,100,6,21/04/2026 02:06,11290.71,USD,declined,mobile_wallet
569,84,28,07/05/2026 08:25,10759.35,USD,declined,bank_transfer
570,59,29,27/04/2026 12:10,9013.52,USD,pending,mobile_wallet
571,65,27,07/05/2026 02:02,10319.47,USD,declined,bank_transfer
572,44,1,03/05/2026 09:19,16462.73,USD,approved,mobile_wallet
573,74,38,25/04/2026 03:50,18981.02,USD,approved,mobile_wallet
574,58,16,17/04/2026 20:28,243.06,USD,pending,bank_transfer
575,46,41,23/04/2026 16:04,18694.04,USD,approved,card
576,7,5,19/04/2026 03:05,8887.03,USD,approved,card
577,27,21,19/04/2026 03:48,11004.85,USD,pending,card
578,39,44,17/04/2026 08:02,9068.81,USD,declined,card
579,17,11,16/04/2026 00:07,6468.39,USD,approved,card
580,79,36,25/04/2026 13:28,7319.53,USD,declined,mobile_wallet
581,85,17,09/05/2026 13:26,4677.21,USD,pending,mobile_wallet
582,53,12,27/04/2026 11:12,10249.54,USD,declined,mobile_wallet
583,44,32,22/04/2026 15:43,5846.23,USD,approved,bank_transfer
584,91,33,04/05/2026 04:31,9668.76,USD,approved,card
585,70,2,29/04/2026 16:54,435.6,USD,approved,mobile_wallet
586,39,37,15/04/2026 15:40,15784.88,USD,pending,card
587,14,5,27/04/2026 14:59,14164.43,USD,approved,card
588,84,32,11/05/2026 15:16,10290.81,USD,pending,bank_transfer
589,88,1,07/05/2026 14:11,15639.66,USD,pending,card
590,11,13,29/04/2026 00:59,5019.46,USD,pending,mobile_wallet
591,99,32,13/04/2026 10:41,17900.75,USD,pending,bank_transfer
592,54,38,24/04/2026 01:44,7320.33,USD,pending,mobile_wallet
593,49,18,27/04/2026 05:07,1542.39,USD,approved,bank_transfer
594,3,12,05/05/2026 16:00,2605.3,USD,pending,mobile_wallet
595,49,41,16/04/2026 09:44,115.16,USD,declined,mobile_wallet
596,82,43,21/04/2026 19:12,15312.33,USD,approved,bank_transfer
597,36,11,20/04/2026 22:58,7575.34,USD,approved,card
598,100,5,30/04/2026 20:16,11009.75,USD,declined,card
599,96,22,20/04/2026 16:24,12954.93,USD,declined,mobile_wallet
600,15,1,21/04/2026 22:50,8366.01,USD,pending,card
601,20,11,20/04/2026 04:12,12922.5,USD,declined,bank_transfer
602,84,48,18/04/2026 19:10,1547.07,USD,approved,mobile_wallet
603,95,35,17/04/2026 06:43,18713.94,USD,approved,bank_transfer
604,45,43,14/04/2026 10:10,2093.85,USD,approved,card
605,50,28,05/05/2026 18:19,5776.03,USD,declined,mobile_wallet
606,4,18,05/05/2026 16:37,1266.3,USD,pending,card
607,63,25,22/04/2026 22:25,6231.28,USD,pending,card
608,13,30,23/04/2026 19:19,18952.17,USD,declined,mobile_wallet
609,76,48,15/04/2026 08:10,527.46,USD,approved,bank_transfer
610,92,20,03/05/2026 14:15,12341.49,USD,declined,mobile_wallet
611,60,33,05/05/2026 04:04,19563.57,USD,declined,card
612,8,29,01/05/2026 01:36,14908.89,USD,approved,mobile_wallet
613,13,41,19/04/2026 23:36,13205.38,USD,pending,card
614,1,38,15/04/2026 18:15,3377.77,USD,declined,card
615,90,13,19/04/2026 23:19,13919.85,USD,declined,bank_transfer
616,76,48,22/04/2026 19:48,10760.47,USD,declined,bank_transfer
617,28,21,17/04/2026 14:07,4883.63,USD,pending,mobile_wallet
618,53,17,11/05/2026 08:56,11351.72,USD,pending,mobile_wallet
619,95,2,22/04/2026 22:16,5989.43,USD,pending,bank_transfer
620,76,16,16/04/2026 11:41,7357.65,USD,pending,mobile_wallet
621,60,15,02/05/2026 00:15,17663.75,USD,pending,mobile_wallet
622,50,2,20/04/2026 16:14,1735.76,USD,pending,mobile_wallet
623,33,33,05/05/2026 22:20,18426.59,USD,declined,bank_transfer
624,29,13,29/04/2026 09:30,16624.03,USD,approved,card
625,78,32,12/05/2026 11:04,3835.84,USD,approved,card
626,46,34,08/05/2026 06:03,15622.29,USD,declined,bank_transfer
627,49,48,10/05/2026 11:13,3348.98,USD,approved,mobile_wallet
628,16,2,27/04/2026 15:56,190.47,USD,declined,card
629,93,3,13/04/2026 07:04,17219.88,USD,approved,card
630,45,43,08/05/2026 10:04,18397.85,USD,pending,mobile_wallet
631,79,14,23/04/2026 23:43,7775.94,USD,approved,mobile_wallet
632,99,19,15/04/2026 06:24,6249.23,USD,approved,mobile_wallet
633,69,19,28/04/2026 02:25,2651.63,USD,declined,bank_transfer
634,83,28,30/04/2026 01:23,12886.51,USD,pending,bank_transfer
635,12,37,03/05/2026 06:45,15136.37,USD,declined,bank_transfer
636,58,39,19/04/2026 13:37,14752.14,USD,pending,card
637,37,15,27/04/2026 14:58,10831.94,USD,approved,mobile_wallet
638,35,26,13/04/2026 05:11,12428.61,USD,pending,mobile_wallet
639,97,11,20/04/2026 17:35,5363.61,USD,approved,bank_transfer
640,23,31,17/04/2026 08:03,9258.23,USD,pending,card
641,78,12,18/04/2026 00:07,9642.17,USD,approved,mobile_wallet
642,39,35,28/04/2026 16:25,3077.75,USD,pending,mobile_wallet
643,73,33,26/04/2026 13:00,213.42,USD,declined,card
644,65,3,26/04/2026 04:36,543.88,USD,approved,card
645,72,46,26/04/2026 20:37,5745.42,USD,pending,mobile_wallet
646,98,25,20/04/2026 19:55,7079.35,USD,declined,bank_transfer
647,22,3,14/04/2026 20:35,18793.3,USD,approved,bank_transfer
648,77,12,17/04/2026 20:37,10120.31,USD,declined,card
649,16,45,13/04/2026 07:17,4011.08,USD,approved,card
650,44,4,18/04/2026 06:56,6265.35,USD,pending,bank_transfer
651,8,32,22/04/2026 17:45,1583.19,USD,declined,mobile_wallet
652,56,22,03/05/2026 00:10,15158.52,USD,declined,card
653,32,11,28/04/2026 20:54,10512.27,USD,declined,bank_transfer
654,29,7,11/05/2026 17:06,1307.64,USD,approved,card
655,49,42,17/04/2026 08:46,5028.66,USD,approved,bank_transfer
656,17,1,15/04/2026 02:54,16783.58,USD,pending,bank_transfer
657,60,10,12/05/2026 23:54,6954.2,USD,approved,bank_transfer
658,22,42,29/04/2026 07:22,11856.96,USD,declined,mobile_wallet
659,1,12,10/05/2026 07:51,16647.23,USD,approved,card
660,72,50,05/05/2026 10:43,15983.82,USD,declined,bank_transfer
661,83,35,09/05/2026 07:11,13086.26,USD,approved,bank_transfer
662,43,22,29/04/2026 10:36,15084.17,USD,pending,mobile_wallet
663,63,17,25/04/2026 20:00,5836.94,USD,approved,mobile_wallet
664,59,11,13/05/2026 01:15,10933.5,USD,approved,mobile_wallet
665,65,34,25/04/2026 11:34,10289.77,USD,declined,card
666,43,31,16/04/2026 08:08,6073.58,USD,declined,card
667,87,11,03/05/2026 23:46,12975.24,USD,pending,bank_transfer
668,11,29,08/05/2026 04:29,19036.96,USD,declined,mobile_wallet
669,63,2,05/05/2026 22:16,16478.01,USD,approved,mobile_wallet
670,80,8,19/04/2026 18:30,17635.7,USD,declined,mobile_wallet
671,10,27,06/05/2026 12:53,13464.44,USD,declined,card
672,8,12,05/05/2026 20:45,15881.42,USD,declined,mobile_wallet
673,51,43,29/04/2026 13:57,6280.6,USD,pending,mobile_wallet
674,87,23,02/05/2026 20:39,7450.14,USD,approved,mobile_wallet
675,40,1,17/04/2026 10:54,5036.49,USD,pending,card
676,53,7,02/05/2026 16:59,9157.55,USD,declined,mobile_wallet
677,31,7,09/05/2026 14:06,18368.53,USD,pending,card
678,60,22,17/04/2026 07:36,7752.46,USD,pending,mobile_wallet
679,42,5,16/04/2026 01:06,15883.79,USD,approved,mobile_wallet
680,68,3,28/04/2026 11:48,18482,USD,approved,card
681,70,16,29/04/2026 23:34,4869.89,USD,approved,card
682,78,47,08/05/2026 20:15,15295.94,USD,approved,bank_transfer
683,18,2,08/05/2026 15:21,6266.26,USD,pending,card
684,83,6,26/04/2026 01:11,5919.16,USD,approved,bank_transfer
685,90,18,17/04/2026 08:44,7232.29,USD,declined,card
686,37,11,16/04/2026 06:06,19729.02,USD,approved,card
687,32,16,21/04/2026 14:36,11387.79,USD,pending,bank_transfer
688,70,14,13/04/2026 11:28,10115.81,USD,approved,card
689,45,16,13/04/2026 17:35,1709.35,USD,declined,mobile_wallet
690,46,9,14/04/2026 11:55,13427.67,USD,pending,mobile_wallet
691,18,5,05/05/2026 07:40,17229.7,USD,pending,mobile_wallet
692,64,13,06/05/2026 13:30,17656.33,USD,declined,card
693,36,13,24/04/2026 10:03,4315.48,USD,declined,card
694,80,30,24/04/2026 20:43,17064.55,USD,declined,bank_transfer
695,100,21,23/04/2026 21:41,8174.24,USD,approved,card
696,52,6,27/04/2026 01:34,18742.99,USD,approved,bank_transfer
697,88,48,17/04/2026 18:18,19441.66,USD,approved,bank_transfer
698,28,42,02/05/2026 14:07,18632.49,USD,pending,card
699,24,4,26/04/2026 18:03,9410.2,USD,approved,card
700,49,43,05/05/2026 16:10,14984.19,USD,pending,bank_transfer
701,76,48,11/05/2026 19:31,16127.27,USD,approved,bank_transfer
702,44,45,15/04/2026 21:17,6502.17,USD,approved,mobile_wallet
703,48,19,17/04/2026 07:42,10678.36,USD,declined,mobile_wallet
704,98,4,18/04/2026 17:19,13752.03,USD,approved,bank_transfer
705,1,13,08/05/2026 04:54,5492.86,USD,pending,bank_transfer
706,40,36,21/04/2026 07:31,11069.79,USD,declined,mobile_wallet
707,96,12,02/05/2026 19:40,16067.56,USD,approved,bank_transfer
708,43,2,08/05/2026 03:11,3598.9,USD,approved,bank_transfer
709,35,48,16/04/2026 02:54,10499.31,USD,pending,card
710,31,21,26/04/2026 06:19,10168.81,USD,declined,mobile_wallet
711,74,44,04/05/2026 03:01,14258.79,USD,pending,card
712,16,3,08/05/2026 13:51,3438.29,USD,declined,mobile_wallet
713,64,25,11/05/2026 20:14,381.89,USD,declined,mobile_wallet
714,93,40,15/04/2026 00:59,7990.12,USD,declined,card
715,36,14,24/04/2026 21:01,15716.74,USD,pending,mobile_wallet
716,14,17,07/05/2026 11:21,1007.51,USD,declined,card
717,49,6,07/05/2026 09:53,16319.66,USD,pending,bank_transfer
718,73,8,03/05/2026 03:26,16506.55,USD,approved,bank_transfer
719,29,28,28/04/2026 07:24,4202.88,USD,pending,bank_transfer
720,81,13,02/05/2026 17:28,16352.87,USD,approved,mobile_wallet
721,77,41,01/05/2026 05:11,16575.49,USD,approved,bank_transfer
722,60,31,24/04/2026 02:38,13232.35,USD,pending,mobile_wallet
723,39,40,03/05/2026 05:28,19413.42,USD,declined,bank_transfer
724,56,46,26/04/2026 08:19,6137.07,USD,pending,card
725,71,50,12/05/2026 21:17,18888.78,USD,pending,mobile_wallet
726,1,15,09/05/2026 20:02,2800.94,USD,declined,mobile_wallet
727,92,39,13/04/2026 05:57,3819.42,USD,approved,bank_transfer
728,76,32,21/04/2026 06:32,11664.93,USD,pending,card
729,24,48,10/05/2026 17:41,5445.76,USD,approved,card
730,76,25,12/05/2026 09:17,17547.78,USD,approved,mobile_wallet
731,72,1,29/04/2026 11:07,8637.9,USD,declined,bank_transfer
732,96,5,25/04/2026 02:23,2710.35,USD,declined,card
733,21,17,24/04/2026 17:11,18039.58,USD,approved,mobile_wallet
734,64,39,04/05/2026 13:17,10108.67,USD,approved,mobile_wallet
735,34,44,09/05/2026 12:06,60.55,USD,pending,mobile_wallet
736,78,6,01/05/2026 22:00,18373.49,USD,pending,bank_transfer
737,11,15,05/05/2026 03:15,5800.43,USD,declined,mobile_wallet
738,41,1,19/04/2026 19:49,13000.32,USD,approved,mobile_wallet
739,5,6,30/04/2026 18:02,12146.59,USD,approved,bank_transfer
740,9,8,10/05/2026 17:52,4160.69,USD,approved,bank_transfer
741,89,42,09/05/2026 12:48,12448.91,USD,declined,bank_transfer
742,47,33,12/05/2026 02:51,16944.27,USD,approved,bank_transfer
743,40,1,28/04/2026 00:00,8091.86,USD,pending,mobile_wallet
744,100,13,13/05/2026 01:20,11585.01,USD,approved,mobile_wallet
745,70,23,01/05/2026 03:55,15797.11,USD,declined,bank_transfer
746,33,49,08/05/2026 17:11,89.28,USD,pending,mobile_wallet
747,42,13,20/04/2026 02:25,1883.25,USD,pending,card
748,53,3,14/04/2026 21:18,11492.74,USD,declined,bank_transfer
749,65,36,17/04/2026 21:13,3063.53,USD,approved,mobile_wallet
750,33,28,06/05/2026 15:21,10745.27,USD,declined,mobile_wallet
751,82,7,08/05/2026 23:54,19303.57,USD,declined,bank_transfer
752,11,10,03/05/2026 19:00,19471.82,USD,approved,card
753,81,14,05/05/2026 09:05,17871.81,USD,pending,card
754,83,34,05/05/2026 15:41,11181.36,USD,approved,card
755,8,38,25/04/2026 10:57,1156.45,USD,pending,card
756,11,25,25/04/2026 18:49,14563.48,USD,pending,card
757,75,26,23/04/2026 00:02,16958.88,USD,declined,card
758,71,12,22/04/2026 04:56,8428.83,USD,declined,bank_transfer
759,52,46,23/04/2026 19:54,1072.68,USD,declined,mobile_wallet
760,31,39,29/04/2026 19:34,18975.49,USD,approved,card
761,17,36,28/04/2026 07:48,17447.42,USD,pending,bank_transfer
762,88,33,17/04/2026 14:24,17115.53,USD,declined,bank_transfer
763,65,39,01/05/2026 16:28,14803.5,USD,pending,mobile_wallet
764,73,32,10/05/2026 16:53,14922.6,USD,approved,mobile_wallet
765,20,22,29/04/2026 23:39,5682.48,USD,pending,bank_transfer
766,7,45,16/04/2026 03:25,13355.67,USD,declined,bank_transfer
767,6,48,20/04/2026 11:42,19755.2,USD,pending,bank_transfer
768,88,25,20/04/2026 12:56,7277.83,USD,approved,mobile_wallet
769,16,40,09/05/2026 02:15,16289.73,USD,declined,mobile_wallet
770,46,7,01/05/2026 09:26,5962.58,USD,declined,card
771,11,30,03/05/2026 21:23,4127.85,USD,pending,mobile_wallet
772,9,49,10/05/2026 13:34,14583.65,USD,declined,bank_transfer
773,66,42,17/04/2026 13:12,19275.56,USD,pending,bank_transfer
774,86,25,18/04/2026 19:20,13134.85,USD,declined,bank_transfer
775,86,47,12/05/2026 01:50,17690.27,USD,declined,mobile_wallet
776,19,42,01/05/2026 07:05,3707.88,USD,approved,card
777,63,45,19/04/2026 16:24,10944.09,USD,approved,bank_transfer
778,43,1,24/04/2026 13:22,6678.23,USD,pending,card
779,21,29,07/05/2026 08:09,18908.13,USD,declined,mobile_wallet
780,54,38,27/04/2026 13:47,11458.77,USD,declined,mobile_wallet
781,56,19,08/05/2026 04:17,4172.69,USD,pending,card
782,47,28,09/05/2026 18:50,19955.22,USD,approved,mobile_wallet
783,97,31,03/05/2026 19:35,193.33,USD,pending,bank_transfer
784,84,10,17/04/2026 11:15,12698.06,USD,approved,card
785,54,29,10/05/2026 13:48,9167.39,USD,approved,card
786,54,40,22/04/2026 05:25,17035.31,USD,approved,bank_transfer
787,62,4,28/04/2026 19:06,15885.09,USD,pending,card
788,21,46,16/04/2026 19:37,9296.16,USD,declined,bank_transfer
789,40,4,19/04/2026 10:23,14272.06,USD,approved,mobile_wallet
790,21,11,29/04/2026 10:56,10198.67,USD,declined,bank_transfer
791,27,45,21/04/2026 17:40,14245.68,USD,pending,mobile_wallet
792,28,22,08/05/2026 04:50,13878.26,USD,declined,bank_transfer
793,6,42,11/05/2026 01:41,8403.15,USD,declined,bank_transfer
794,55,28,26/04/2026 11:12,7157.72,USD,approved,card
795,31,8,23/04/2026 08:04,2858.08,USD,pending,card
796,67,24,13/05/2026 01:30,15221.68,USD,approved,mobile_wallet
797,80,5,03/05/2026 08:41,2662.89,USD,pending,card
798,99,19,23/04/2026 07:21,2917.39,USD,declined,card
799,4,27,15/04/2026 21:42,9124.65,USD,pending,mobile_wallet
800,90,25,22/04/2026 13:45,2346.18,USD,declined,bank_transfer
801,96,2,01/05/2026 16:00,981.93,USD,declined,card
802,85,25,27/04/2026 05:07,2771.94,USD,approved,bank_transfer
803,45,21,14/04/2026 06:06,17589.51,USD,declined,mobile_wallet
804,39,6,20/04/2026 07:55,13119.33,USD,declined,mobile_wallet
805,61,40,21/04/2026 09:32,7544.81,USD,pending,mobile_wallet
806,55,8,05/05/2026 13:13,2353.74,USD,declined,mobile_wallet
807,66,37,29/04/2026 02:29,546.38,USD,approved,mobile_wallet
808,9,28,26/04/2026 04:35,4387.22,USD,approved,card
809,60,35,12/05/2026 03:09,6553.83,USD,approved,bank_transfer
810,54,2,28/04/2026 12:17,5200.49,USD,approved,card
811,82,23,16/04/2026 06:09,7126.74,USD,declined,bank_transfer
812,92,39,09/05/2026 23:01,15990.79,USD,declined,bank_transfer
813,15,1,20/04/2026 11:24,2244.64,USD,declined,mobile_wallet
814,61,32,10/05/2026 16:30,6371.97,USD,pending,bank_transfer
815,86,19,10/05/2026 13:11,5866.66,USD,declined,mobile_wallet
816,2,37,16/04/2026 02:39,16024.53,USD,declined,bank_transfer
817,8,12,03/05/2026 05:34,2623.74,USD,declined,card
818,84,39,12/05/2026 15:56,12011.01,USD,declined,mobile_wallet
819,77,36,30/04/2026 07:36,371.35,USD,declined,bank_transfer
820,25,12,15/04/2026 12:09,3918.39,USD,pending,mobile_wallet
821,44,9,04/05/2026 03:07,14969.59,USD,approved,mobile_wallet
822,87,46,18/04/2026 22:32,17984.51,USD,declined,card
823,56,20,27/04/2026 18:20,1394.72,USD,declined,bank_transfer
824,74,41,15/04/2026 20:07,11942.52,USD,declined,card
825,38,1,21/04/2026 01:40,17605.15,USD,approved,mobile_wallet
826,56,20,25/04/2026 20:26,11355.27,USD,pending,mobile_wallet
827,2,42,21/04/2026 18:26,19200.38,USD,pending,mobile_wallet
828,99,39,27/04/2026 11:19,6078.78,USD,approved,mobile_wallet
829,87,30,05/05/2026 16:19,4158.94,USD,declined,mobile_wallet
830,72,13,29/04/2026 13:07,6682.59,USD,pending,mobile_wallet
831,31,10,12/05/2026 18:17,3485.66,USD,approved,card
832,26,26,21/04/2026 03:19,9558.74,USD,approved,card
833,64,16,02/05/2026 18:19,16329.33,USD,approved,mobile_wallet
834,29,36,24/04/2026 20:33,8318.59,USD,declined,mobile_wallet
835,14,20,22/04/2026 00:35,16785.65,USD,declined,card
836,30,46,05/05/2026 23:13,6966.45,USD,approved,mobile_wallet
837,14,6,21/04/2026 07:57,1444.48,USD,approved,mobile_wallet
838,81,28,07/05/2026 01:10,19532.96,USD,approved,bank_transfer
839,39,8,04/05/2026 04:05,522.64,USD,approved,bank_transfer
840,39,17,21/04/2026 03:19,16110.77,USD,approved,bank_transfer
841,82,10,17/04/2026 04:46,2360.39,USD,declined,card
842,7,8,22/04/2026 04:52,13316.51,USD,declined,mobile_wallet
843,83,26,25/04/2026 17:42,17034.58,USD,approved,bank_transfer
844,19,9,15/04/2026 19:31,11150.9,USD,approved,bank_transfer
845,12,23,16/04/2026 03:28,9314.79,USD,declined,card
846,70,38,18/04/2026 00:58,19022.25,USD,pending,mobile_wallet
847,2,21,14/04/2026 18:00,4569.24,USD,approved,card
848,59,13,09/05/2026 22:24,3680.19,USD,pending,mobile_wallet
849,14,34,15/04/2026 20:26,5553.07,USD,pending,card
850,64,18,16/04/2026 22:46,345.4,USD,approved,card
851,6,39,29/04/2026 16:17,4888.08,USD,approved,card
852,5,39,16/04/2026 23:05,13900.75,USD,pending,mobile_wallet
853,91,45,23/04/2026 17:33,16525.12,USD,declined,mobile_wallet
854,22,36,11/05/2026 02:09,14105.04,USD,declined,card
855,68,32,07/05/2026 04:29,18708.1,USD,pending,card
856,57,12,10/05/2026 06:52,13447.61,USD,approved,mobile_wallet
857,67,37,19/04/2026 20:34,15074.49,USD,pending,card
858,57,39,11/05/2026 00:43,2424.37,USD,pending,card
859,4,5,10/05/2026 08:07,11338.32,USD,pending,card
860,86,46,14/04/2026 06:39,13771.28,USD,pending,mobile_wallet
861,47,39,18/04/2026 12:57,17289.12,USD,declined,mobile_wallet
862,77,40,26/04/2026 10:24,6649.42,USD,approved,mobile_wallet
863,67,45,16/04/2026 03:25,11063.01,USD,pending,mobile_wallet
864,37,10,03/05/2026 06:52,19253.14,USD,declined,mobile_wallet
865,93,12,06/05/2026 09:37,5982.41,USD,declined,bank_transfer
866,22,26,29/04/2026 19:48,13063.68,USD,declined,bank_transfer
867,11,19,10/05/2026 19:33,17031.96,USD,pending,bank_transfer
868,35,24,29/04/2026 15:13,10424.65,USD,approved,card
869,19,26,09/05/2026 00:05,16961.56,USD,declined,card
870,35,24,20/04/2026 13:03,5760.96,USD,declined,card
871,7,1,10/05/2026 13:28,3903.61,USD,approved,card
872,26,35,02/05/2026 05:18,17698.42,USD,pending,mobile_wallet
873,58,2,03/05/2026 19:39,5074.25,USD,approved,card
874,29,14,16/04/2026 18:01,5123.09,USD,declined,bank_transfer
875,19,25,10/05/2026 07:08,19527.2,USD,declined,bank_transfer
876,66,1,11/05/2026 21:22,5674.9,USD,approved,bank_transfer
877,32,9,07/05/2026 13:06,12396.45,USD,pending,mobile_wallet
878,10,7,15/04/2026 00:58,15832.61,USD,pending,card
879,15,36,24/04/2026 17:57,2095.77,USD,pending,card
880,14,30,11/05/2026 02:34,19982.95,USD,approved,card
881,28,39,15/04/2026 13:34,5702.21,USD,pending,bank_transfer
882,23,31,19/04/2026 07:19,7394.8,USD,declined,bank_transfer
883,48,42,24/04/2026 20:13,15060.78,USD,approved,card
884,66,46,13/04/2026 06:32,14880.31,USD,approved,card
885,62,27,23/04/2026 19:29,130.87,USD,approved,card
886,64,50,13/04/2026 10:52,267.73,USD,pending,bank_transfer
887,95,49,28/04/2026 22:23,7949.4,USD,approved,card
888,86,28,15/04/2026 05:47,10519.81,USD,declined,mobile_wallet
889,70,47,09/05/2026 16:47,7747.27,USD,approved,card
890,52,7,24/04/2026 08:23,4570.97,USD,declined,bank_transfer
891,5,15,07/05/2026 01:23,14445.7,USD,approved,bank_transfer
892,50,24,04/05/2026 02:11,9912.69,USD,approved,card
893,14,9,19/04/2026 11:36,16793.68,USD,declined,mobile_wallet
894,30,18,17/04/2026 03:02,7897.06,USD,declined,card
895,1,37,13/04/2026 11:33,1974.64,USD,pending,mobile_wallet
896,6,14,02/05/2026 22:55,10830.67,USD,approved,card
897,84,21,28/04/2026 20:27,8918.9,USD,approved,mobile_wallet
898,67,7,01/05/2026 04:55,4564.74,USD,declined,mobile_wallet
899,30,39,22/04/2026 23:16,10812.95,USD,declined,bank_transfer
900,44,27,08/05/2026 03:10,2422.79,USD,approved,bank_transfer
901,71,28,22/04/2026 16:32,3099.07,USD,pending,card
902,85,41,02/05/2026 14:36,8650.86,USD,pending,bank_transfer
903,22,6,03/05/2026 10:35,3104.94,USD,declined,card
904,91,44,02/05/2026 12:29,11818.15,USD,declined,card
905,55,32,16/04/2026 22:18,2126.83,USD,approved,bank_transfer
906,17,50,04/05/2026 10:20,4504.89,USD,approved,mobile_wallet
907,70,3,05/05/2026 12:45,6564.68,USD,declined,bank_transfer
908,17,23,10/05/2026 03:07,17144.16,USD,declined,bank_transfer
909,12,47,15/04/2026 22:27,3072.58,USD,approved,card
910,50,31,26/04/2026 16:36,14613.35,USD,declined,bank_transfer
911,19,12,25/04/2026 08:12,17671.19,USD,declined,mobile_wallet
912,16,27,01/05/2026 11:22,4402.98,USD,approved,bank_transfer
913,48,37,27/04/2026 06:40,15526.57,USD,pending,mobile_wallet
914,63,22,17/04/2026 11:01,15974.42,USD,approved,bank_transfer
915,14,42,19/04/2026 21:49,15336.04,USD,approved,mobile_wallet
916,51,10,07/05/2026 08:54,2204.02,USD,declined,card
917,2,16,01/05/2026 13:52,11253.8,USD,approved,mobile_wallet
918,29,50,24/04/2026 19:35,1296.8,USD,declined,bank_transfer
919,82,30,29/04/2026 14:35,12636.49,USD,declined,card
920,59,11,09/05/2026 20:18,13535.65,USD,declined,bank_transfer
921,38,30,08/05/2026 21:53,4195.62,USD,pending,mobile_wallet
922,75,12,01/05/2026 08:28,16426.15,USD,pending,bank_transfer
923,72,24,17/04/2026 07:42,17925.63,USD,approved,card
924,47,45,14/04/2026 01:00,18716.57,USD,pending,card
925,8,21,08/05/2026 04:25,11870.38,USD,approved,bank_transfer
926,1,30,03/05/2026 10:27,16415.12,USD,declined,card
927,45,16,04/05/2026 20:38,9119.17,USD,declined,card
928,62,34,08/05/2026 09:34,17745.8,USD,pending,mobile_wallet
929,30,40,05/05/2026 02:04,14590.32,USD,declined,mobile_wallet
930,9,15,07/05/2026 12:27,14468.9,USD,approved,card
931,1,46,25/04/2026 05:17,18002.28,USD,pending,bank_transfer
932,53,49,18/04/2026 15:38,5910.28,USD,declined,bank_transfer
933,53,18,04/05/2026 17:48,3901.67,USD,pending,card
934,33,46,07/05/2026 04:33,15139.77,USD,approved,bank_transfer
935,28,5,29/04/2026 20:19,6896.24,USD,declined,mobile_wallet
936,83,25,02/05/2026 03:54,1561.49,USD,declined,mobile_wallet
937,7,10,14/04/2026 22:57,19292.16,USD,pending,mobile_wallet
938,22,49,27/04/2026 15:35,232.63,USD,approved,bank_transfer
939,67,17,15/04/2026 03:06,16126.17,USD,pending,bank_transfer
940,35,30,22/04/2026 23:01,19696.17,USD,pending,bank_transfer
941,32,19,11/05/2026 17:11,14346.24,USD,pending,card
942,37,9,10/05/2026 14:39,13301.29,USD,pending,mobile_wallet
943,88,39,13/04/2026 11:54,15426.51,USD,pending,card
944,71,10,19/04/2026 09:28,15662.11,USD,approved,mobile_wallet
945,96,5,10/05/2026 13:45,10906.81,USD,approved,bank_transfer
946,12,40,25/04/2026 00:14,766.48,USD,approved,card
947,94,44,14/04/2026 12:32,10940.57,USD,declined,bank_transfer
948,2,41,20/04/2026 22:41,18765.41,USD,pending,mobile_wallet
949,4,31,10/05/2026 15:48,12889.79,USD,approved,card
950,84,23,03/05/2026 05:16,12047.59,USD,approved,mobile_wallet
951,88,32,24/04/2026 01:37,3658.04,USD,approved,card
952,11,47,12/05/2026 08:35,816.01,USD,pending,bank_transfer
953,47,33,01/05/2026 19:32,8024.85,USD,pending,bank_transfer
954,19,26,05/05/2026 10:50,9738.12,USD,pending,card
955,66,35,19/04/2026 10:43,9488.67,USD,pending,card
956,50,13,26/04/2026 11:35,5819.77,USD,approved,bank_transfer
957,92,41,14/04/2026 00:41,863.3,USD,approved,bank_transfer
958,51,47,13/04/2026 08:43,614.87,USD,declined,mobile_wallet
959,44,28,01/05/2026 02:53,10804.6,USD,approved,mobile_wallet
960,52,16,17/04/2026 16:41,11271.32,USD,approved,bank_transfer
961,78,44,21/04/2026 06:37,3395,USD,pending,card
962,78,29,22/04/2026 09:35,16284.11,USD,approved,bank_transfer
963,23,46,16/04/2026 00:59,14734.66,USD,approved,mobile_wallet
964,34,7,08/05/2026 08:31,4904.85,USD,approved,bank_transfer
965,18,50,21/04/2026 09:41,10898.41,USD,pending,mobile_wallet
966,18,18,01/05/2026 02:06,2228.23,USD,pending,bank_transfer
967,29,23,04/05/2026 14:23,15365.12,USD,approved,card
968,42,6,20/04/2026 21:33,2792.42,USD,pending,mobile_wallet
969,5,21,05/05/2026 21:35,13901.43,USD,pending,card
970,49,22,01/05/2026 10:34,10614.65,USD,approved,bank_transfer
971,40,26,07/05/2026 01:16,531.58,USD,pending,card
972,60,38,22/04/2026 20:32,18096.71,USD,approved,card
973,18,49,19/04/2026 15:37,15926.44,USD,declined,mobile_wallet
974,38,22,04/05/2026 14:48,1930.36,USD,approved,bank_transfer
975,8,32,07/05/2026 02:32,1353,USD,pending,mobile_wallet
976,43,13,06/05/2026 19:17,732.34,USD,approved,bank_transfer
977,51,42,06/05/2026 16:50,1560.56,USD,approved,bank_transfer
978,11,14,03/05/2026 15:07,100.25,USD,approved,card
979,70,18,17/04/2026 18:40,14862.4,USD,pending,mobile_wallet
980,5,14,16/04/2026 11:53,5730.43,USD,declined,bank_transfer
981,17,6,24/04/2026 05:53,1921.23,USD,approved,card
982,52,23,18/04/2026 04:51,10781.65,USD,declined,bank_transfer
983,87,30,03/05/2026 05:09,11130.99,USD,approved,card
984,1,49,14/04/2026 21:10,7570.34,USD,declined,card
985,51,18,03/05/2026 18:04,5223.72,USD,approved,bank_transfer
986,79,48,13/04/2026 19:41,18775.83,USD,approved,card
987,51,33,11/05/2026 20:08,3218.28,USD,declined,bank_transfer
988,26,44,29/04/2026 13:15,19998.09,USD,pending,mobile_wallet
989,57,21,23/04/2026 21:34,15021.58,USD,approved,card
990,26,9,27/04/2026 10:59,18998.98,USD,pending,card
991,82,37,27/04/2026 18:42,18301.31,USD,approved,card
992,85,10,08/05/2026 15:03,484.6,USD,approved,mobile_wallet
993,97,29,22/04/2026 05:37,6321.97,USD,pending,mobile_wallet
994,3,28,23/04/2026 13:24,5068.02,USD,declined,card
995,8,1,20/04/2026 07:07,6252.04,USD,approved,mobile_wallet
996,48,22,25/04/2026 11:53,14112.93,USD,approved,mobile_wallet
997,100,28,26/04/2026 23:12,7555.37,USD,approved,mobile_wallet
998,82,31,25/04/2026 20:44,7140.13,USD,declined,card
999,57,35,15/04/2026 23:33,9772.1,USD,pending,card
1000,4,37,15/04/2026 22:46,12145.85,USD,pending,card
